brand,model,motor,year,mileage,fuel,price
Ford,Mustang,2.3 ECOBOOST 317 ECOBOOST,2019,7750,Essence,56390
Ford,Mustang,5.0 V8 421 GT,2017,8540,Essence,59760
Ford,Mustang,5.0 V8 421 GT,2016,20330,Essence,52410
Ford,Mustang,V8 412,2012,28026,Essence,45470
Ford,Mustang,5.0 V8 421 BLACK SHADOW EDITION,2018,34098,Essence,53880
Ford,Mustang,5.0 V8 421 GT,2017,48980,Essence,60740
Ford,Mustang,5.0 V8 421 GT,2017,41400,Essence,51630
Ford,Mustang,5.0 V8 444 GT,2014,56886,Essence,53460
Ford,Mustang,5.0 V8 421 GT,2019,24898,Essence,57310
Ford,Mustang,2.3 ECOBOOST 317 ECOBOOST,2016,40807,Essence,49080
Ford,Mustang,VI FASTBACK 2.3 ECOBOOST BV6,2017,38080,Essence,43910
Ford,Mustang,5.0 V8 421 GT,2017,55000,Essence,58620
Ford,Mustang,5.0 V8 450 GT,2019,27738,Essence,50760
Ford,Mustang,5.0 450 GT,2019,8284,Essence,54390
Ford,Mustang,V 5.0 V8 GT CALIFORNIA SPECIAL,2012,35990,Essence,53550
Ford,Mustang,5.0 V8 421 GT,2017,52826,Essence,54880
Ford,Mustang,5.0 V8 421 GT,2015,29818,Essence,56450
Ford,Mustang,2.3 ECOBOOST 317 ECOBOOST,2017,21420,Essence,43910
Ford,Mustang,2.3 ECOBOOST 317 ECOBOOST,2019,7750,Essence,56390
Ford,Mustang,5.0 V8 421 BLACK SHADOW EDITION,2018,26360,Essence,49240
Ford,Mustang,5.0 V8 421 GT,2019,25536,Essence,58780
Ford,Mustang,2.3 ECOBOOST 317 ECOBOOST,2017,52360,Essence,42720
Ford,Mustang,5.0 V8 421 GT,2018,34399,Essence,54370
Ford,Mustang,V8 300 PREMIUM,2011,43299,Essence,38100
Ford,Mustang,BVA FASTBACK 2.3 ECOBOOST 290 10,2020,41328,Essence,49180
Ford,Mustang,2.3 ECOBOOST 317 ECOBOOST,2018,38266,Essence,40260
Ford,Mustang,5.0 V8 421 GT,2017,57120,Essence,53530
Ford,Mustang,2.3 ECOBOOST 317 ECOBOOST,2017,21420,Essence,43910
Ford,Mustang,2.3 ECOBOOST 290 ECOBOOST,2018,21120,Essence,51580
Ford,Mustang,5.0 V8 421 GT,2017,55552,Essence,56910
Ford,Mustang,5.0 V8 421 GT,2018,46964,Essence,55340
Ford,Mustang,5.0 V8 421 GT,2016,44178,Essence,45510
Ford,Mustang,5.0 V8 421 GT,2017,37725,Essence,49710
Ford,Mustang,5.0 V8 421 GT,2018,30313,Essence,53460
Ford,Mustang,2.3 ECOBOOST 290 ECOBOOST,2018,21120,Essence,51580
Ford,Mustang,V 4.6 V8 300 GT PREMIUM,2006,38235,Essence,42320
Ford,Mustang,5.0 V8 421 GT,2018,7790,Essence,52970
Ford,Mustang,5.0 V8 421 GT,2018,27923,Essence,56280
Ford,Mustang,5.0 V8 421 GT,2017,28012,Essence,53480
Ford,Mustang,V8 300 GT PREMIUM,2011,32100,Essence,33170
Ford,Mustang,5.0 V8 450 GT,2019,36867,Essence,53480
Ford,Mustang,5.0 V8 421 GT,2017,59832,Essence,59010
Ford,Mustang,5.0 V8 421 GT,2019,19220,Essence,54540
Ford,Mustang,5.0 V8 421 GT,2016,13397,Essence,53800
Ford,Mustang,2.3 ECOBOOST 317 ECOBOOST,2017,53200,Essence,39180
Ford,Mustang,5.0 V8 450 GT,2019,29210,Essence,56480
Ford,Mustang,VI FASTBACK 5.0 V8 GT BVA6,2017,45368,Essence,53390
Ford,Mustang,5.0 V8 421 GT,2015,36582,Essence,44440
Ford,Mustang,2.3 ECOBOOST 317 ECOBOOST,2017,24750,Essence,38480
Ford,Mustang,5.0 V8 450 GT,2019,42827,Essence,51960
Ford,Mustang,5.0 V8 421 GT,2019,44793,Essence,50580
Ford,Mustang,2.3 ECOBOOST 317 ECOBOOST,2017,21420,Essence,43910
Ford,Mustang,5.0 V8 421 GT,2018,17835,Essence,56560
Ford,Mustang,5.0 V8 421 GT,2018,57218,Essence,43900
Ford,Mustang,5.0 V8 421 GT,2017,19720,Essence,53920
Ford,Mustang,5.0 V8 421 GT,2017,41250,Essence,54980
Ford,Mustang,5.0 V8 421 GT,2018,48446,Essence,50920
Ford,Mustang,2.3 ECOBOOST 317 ECOBOOST,2017,13335,Essence,41470
Ford,Mustang,5.0 V8 450 GT,2020,25493,Essence,53390
Ford,Mustang,5.0 V8 421 GT,2018,21419,Essence,50120
Ford,Mustang,2.3 ECOBOOST 317 ECOBOOST,2017,35045,Essence,37600
Ford,Mustang,5.0 V8 421 GT,2018,15565,Essence,61230
Ford,Mustang,5.0 V8 421 GT,2018,25288,Essence,47940
Ford,Mustang,2.3 ECOBOOST 317 ECOBOOST,2017,48685,Essence,37430
Ford,Mustang,5.0 V8 421 GT,2014,35875,Essence,56870
Ford,Mustang,2.3 ECOBOOST 290 ECOBOOST,2020,53070,Essence,53550
Ford,Mustang,5.0 V8 421 GT,2018,33000,Essence,49370
Ford,Mustang,5.0 V8 450 GT,2020,27808,Essence,54890
Ford,Mustang,2.3 ECOBOOST 317 ECOBOOST,2019,7750,Essence,56390
Ford,Mustang,5.0 V8 421 GT,2018,35520,Essence,53160
Ford,Mustang,5.0 V8 421 GT,2017,53477,Essence,51680
Ford,Mustang,5.0 421 GT,2018,17470,Essence,55990
Ford,Mustang,5.0 V8 421 GT,2018,31901,Essence,49390
Ford,Mustang,5.0 V8 421 GT,2016,42483,Essence,55530
Ford,Mustang,5.0 V8 421 GT,2018,39750,Essence,49800
Ford,Mustang,5.0 V8 421 GT,2018,20943,Essence,50290
Ford,Mustang,5.0 V8 421 GT,2017,40800,Essence,51340
Ford,Mustang,2.3 ECOBOOST 317 ECOBOOST,2017,21850,Essence,43120
Ford,Mustang,2.3 ECOBOOST 317 ECOBOOST,2016,42362,Essence,47080
Ford,Mustang,VI FASTBACK V8 AUTO,2018,47900,Essence,60980
Ford,Mustang,5.0 V8 421 GT,2017,31227,Essence,56140
Ford,Mustang,2.3 ECOBOOST 317 ECOBOOST,2017,58310,Essence,42720
Ford,Mustang,CALIFORNIA SPECIAL 5.0 L CABRIOLET,2015,56946,Essence,52360
Ford,Mustang,5.0 V8 421 GT,2018,40952,Essence,55180
Ford,Mustang,5.0 V8 421 GT,2018,56772,Essence,52320
Ford,Mustang,5.0 V8 421 GT,2017,42720,Essence,56380
Ford,Mustang,5.0 V8 421 GT,2016,40710,Essence,52980
Ford,Mustang,5.0 V8 421 GT,2017,42720,Essence,56380
Ford,Mustang,5.0 V8 450 GT,2019,30386,Essence,55880
Ford,Mustang,2.3 ECOBOOST 317 ECOBOOST,2016,41203,Essence,42060
Ford,Mustang,BVA GT V8 5.0L SHADOW EDITION,2018,29375,Essence,61120
Ford,Mustang,5.0 V8 421 GT,2018,44198,Essence,54870
Ford,Mustang,5.0 V8 421 BLACK SHADOW EDITION,2018,44800,Essence,49840
Ford,Mustang,2.3 ECOBOOST 317 ECOBOOST,2017,39900,Essence,44440
Ford,Mustang,BVA FASTBACK,2019,48555,Essence,47850
Ford,Mustang,2.3 ECOBOOST 317 ECOBOOST,2017,26995,Essence,43880
Ford,Mustang,5.0 V8 421 GT,2018,47560,Essence,54490
Ford,Mustang,5.0 V8 421 GT,2017,42960,Essence,52680
Ford,Mustang,5.0 V8 421 GT,2018,45159,Essence,47060
Ford,Mustang,BVA GT CABRIOLET V8 5.0L,2017,45425,Essence,57380
Ford,Mustang,5.0 V8 421 GT,2018,32214,Essence,48360
Ford,Mustang,GT FASTBACK 5.0L V8 450CH,2020,53410,Essence,53950
Ford,Mustang,2.3 ECOBOOST 290 ECOBOOST,2018,21120,Essence,51580
Ford,Mustang,5.0 V8 421 GT,2018,32047,Essence,50270
Ford,Mustang,GT FASTBACK 5.0L V8 450CH,2020,51940,Essence,52470
Ford,Mustang,5.0 V8 421 GT,2017,29760,Essence,58900
Ford,Mustang,5.0 V8 421 GT,2017,35224,Essence,54140
Ford,Mustang,5.0 V8 421 GT,2018,31250,Essence,60610
Ford,Mustang,2.3 ECOBOOST 317 ECOBOOST,2017,20879,Essence,43180
Ford,Mustang,2.3 ECOBOOST 317 ECOBOOST,2018,34450,Essence,42500
Ford,Mustang,5.0 V8 421 GT,2017,34553,Essence,51180
Ford,Mustang,5.0 421 GT,2017,38500,Essence,51250
Ford,Mustang,BVA GT V8 5.0L SHADOW EDITION,2018,26555,Essence,55250
Ford,Mustang,BVA GT CABRIOLET V8 5.0L,2017,46215,Essence,58380
Ford,Mustang,BVA FASTBACK,2019,50630,Essence,49890
Ford,Mustang,5.0 V8 421 GT,2018,29400,Essence,52480
Ford,Mustang,5.0 V8 460 MACH 1,2017,33778,Essence,47700
Ford,Mustang,5.0 V8 421 GT,2017,31500,Essence,51450
Ford,Mustang,VI FASTBACK 5.0 V8 RTR BV6,2018,58280,Essence,58900
Ford,Mustang,2.3 ECOBOOST 317 ECOBOOST,2017,21420,Essence,43910
Ford,Mustang,5.0 V8 421 BLACK SHADOW EDITION,2018,60938,Essence,54870
Ford,Mustang,2.3 ECOBOOST 317 ECOBOOST,2017,43750,Essence,46230
Ford,Mustang,5.0 V8 421 BLUE EDITION,2019,47520,Essence,53460
Ford,Mustang,5.0 V8 421 GT,2016,29284,Essence,52240
Ford,Mustang,5.0 V8 421 GT,2017,43560,Essence,59890
Ford,Mustang,5.0 V8 421 BLACK SHADOW EDITION,2016,51250,Essence,56870
Ford,Mustang,5.0 V8 421 BLACK SHADOW EDITION,2018,44660,Essence,51730
Ford,Mustang,5.0 V8 421 GT,2016,17244,Essence,50120
Ford,Mustang,5.0 V8 421 GT,2017,21505,Essence,54960
Ford,Mustang,2.3 ECOBOOST 317 ECOBOOST,2016,32040,Essence,49190
Ford,Mustang,5.0 V8 421 GT,2011,53410,Essence,40310
Ford,Mustang,4.0 V6 210 SOHC,2009,42987,Essence,32450
Ford,Mustang,5.4 V8 540 GT 500 SHELBY,2013,49610,Essence,42330
Ford,Mustang,5.0 V8 421 GT,2016,26044,Essence,50290
Ford,Mustang,5.0 V8 421 GT,2017,52284,Essence,49110
Ford,Mustang,5.0 V8 450 GT,2018,27697,Essence,53890
